{
  "mean": [
    0.381192421345385, 51.22979315139927, 0.45715278984877455, 9.508527313545642, 0.04399110235597926, 0.0038240917782026767, 0.33078393881453155, 0.02902833304362941, 239.94101542928044, 136.50776972786105, 84.62183880739985,
    26.06826981038074, 76.1527961326235, 83.95559865051148
  ],
  "scale": [
    0.48567968791604565, 8.183900258471727, 0.49816073368166686, 11.916458034152472, 0.18405919709446378, 0.06172088868668824, 0.4704954034173722, 0.16788594022233533, 44.91651448259721, 23.449529551614948, 12.370881356316398,
    3.964476014167865, 11.566225865315907, 30.495184502275865
  ]
}
